{"cameraMode":{"drawMode":0,"name":"Shaded","section":"Shading Mode"},"sceneLighting":false,"audioPlay":false,"sceneViewState":{"m_AlwaysRefresh":false,"showFog":true,"showSkybox":false,"showFlares":true,"showImageEffects":true,"showParticleSystems":true,"showVisualEffectGraphs":true,"m_FxEnabled":true},"in2DMode":false,"pivot":{"x":-0.5116177797317505,"y":1.7331576347351075,"z":0.673478364944458},"rotation":{"x":0.14431442320346833,"y":-0.007421351969242096,"z":0.001082242582924664,"w":0.9895051121711731},"size":0.21007800102233888,"orthographic":false}