{"cameraMode":{"drawMode":0,"name":"Shaded","section":"Shading Mode"},"sceneLighting":true,"audioPlay":false,"sceneViewState":{"m_AlwaysRefresh":false,"showFog":true,"showSkybox":true,"showFlares":true,"showImageEffects":true,"showParticleSystems":true,"showVisualEffectGraphs":true,"m_FxEnabled":true},"in2DMode":false,"pivot":{"x":0.03992711752653122,"y":1.9089171886444092,"z":0.5923306941986084},"rotation":{"x":-0.1640196293592453,"y":0.11131209135055542,"z":-0.01860106736421585,"w":-0.9800129532814026},"size":0.7084110975265503,"orthographic":false}